@f28d588f8186cc23dc321ae50a375a27,1,湖南,长沙
@c73c4668bd6dd306b395ecaeb6ef34b5,2,广东,广州
@3e0a0503ddb48e778f60cdb860bdcd5e,1,湖南,常德
@5d4ed79328ac4dd5e0dbcc4dff918ae0f2f512cbfb36177e3763eba0a75102af,1,湖南,常德
@0641634966ed0d2f339ec9a5dfba8a5268c0272d1aaab348f60956241e1c6da1,2,湖南,常德
@ba7902aa6dee32a47f7413f6545db96bfde859e22999875c5ca437774ba24fe3,1,湖南,常德
@7211c9979064d967779c967242182b35,2,湖南,常德
@2d5e6a5e47c436d4e20d38ec86756e79fdcf8c5cef52eac5923f5c39743fc298,1,,
@effd93f89fe9f088e9d76cd7428a5212d98c7a9263a1b6736f5f3ada0b796499,2,Paris,
@e5bee99d1745084f570e37b04dc2d3f1,2,湖南,常德
@0f9a3ff6285d4e143703c3daa5e61ec7355cb357711dfda1c5093564a9f34cc2,2,广东,深圳
@cd87fafff287859e3edc01cf74b8e5f5fd1e23fbd318e30c038299294ac18b2d,1,湖南,常德
@e5a4618530873791adb4d3a554c252e546343f18a07055c00c8e4cfb6aa4306b,1,湖南,常德
@4a23b2e7f2763376e4e28fef0dcb55bb9449f183f3d7d2f10a78ef7e84ee8df7,2,湖南,常德
@647c7cdf9968fc6213bbcf8a8d0fe29984eeb7d49c31ec34a5dd860b9486efb1,1,广东,深圳
@95135d41ec0ba0a1d5c9113f2d3b4f0f96b42f0690d217986224ad5d6ff8e4c4,2,湖南,常德
@6b13f0167fc16dfaa3d00ef19804987b,2,湖南,常德
@9cd47f4011c9914d18cdc293acef4dbedb6c3b2dccffb0f81bd21a4937ad23fc,1,湖南,常德
@113dd747cb16e402ddbc33d8e520443f969ad5aa314e850be4956dfd7c7c90df,2,湖南,常德
@930a350aaa3916e4e7bdfb53e8e6a1da,2,广东,东莞
@935d852be3cb09f5c24cbc08819b7d10b2bb58c3fd7032a5740c76c879f13dff,2,湖南,常德
@1a952b40ecb9df3326c7c354d1fcede9d095ee9ff1fba737c2d8c0082b833179,2,湖南,常德
@7dd150dc8132481002323d90a8be041e36e4945ea40775413a0081a30196efb6,2,湖南,常德
@216b6debbed1d9e1066d3ef8d941d229,1,湖南,常德
@91e4e39b383d90fe2a4ec8523b4b6d1bd37fd972582d9d092b370bdea48c88f0,1,湖南,常德
@6ec5f6c97ee9a5dde060f4f6de30d595,2,,
@f5cf7c92ace0dc92b2fe5268ad6513a4,2,湖南,常德
@63c26c58bf2f7bc8459e9ad9f43114665fa27ab8b10fcde05d88f9d5ce2f3525,2,湖南,常德
@1b354cf2d58c3921443171d9dc5f21cfbf832e2aff9eb473da76a66f539a033c,1,湖南,常德
@4ccad72779f42c0aeca34b860cca9796c3a7fe0483490de208b8931313ffc114,0,,
@dd5dbb1b714ce67f6c5cf563988d45daaddb0b49d106315025c9ce0f6eb32fb9,2,广东,广州
@372f02c3b894616b0c74dae6ba2dcc965422b5f55b7392c086e55aeaf921896a,1,湖南,常德
@d6f7f78f877010baccd5ef4c27054824059a3e6856182eebc27583cbab726bbd,1,广东,广州
@8eee67f9a38a3dd3fcde2debdb03764caf0eb6b2287e6200995a4e877dc104c3,0,湖南,常德
@40eee7a308a140428eee90636abea7ed,1,湖南,常德
@c52cdfab9dbbc64ed84ad22d624e147f3e0d0cb990020f6bddaf1e45c2557d80,1,湖南,常德
@d2289656411f71cc523677989550974417d3d0950d39d053addbedf6e2a99b48,2,陕西,西安
@563ac46cca11e1e5e3dd9d2047090a5abd27695d5d39a0f533df3841f6039b61,0,,
@3d49c52ff3739e08f23f544436d23af6045e75d30b0bc5c1beba07bff8c1624f,2,湖南,常德
@4567cfff6f78bfded17fbeaf94bdeb2b64d059bd5689174d57ddfebc493e3b62,1,湖南,常德
@9bc19a2539af70fb10e3431573466032f2bd11cd7fc6223a14733ab5a968a507,1,湖南,常德
@9f54ba215c6170b4bdff51afdd25b92b87f84e746640e60ff557c6e5fae712c6,1,湖南,常德
@f2b4efa2c1087f2f2f5b8e91da7d955a1bf2a79170f2294b8ee66b2987966ab4,1,湖南,常德
@33acbfe43ac69187c2bef13ecdb852a39487c894697731befd21580ef512f3b8,2,湖南,常德
@d4c32e907ca0b7e2f34c23ba43674feb8979cae6ff38922ce0f30ffb15959781,2,广东,广州
@fc9bb4355956302770e41f18f9133d32658133f548fc6bf32161a77d174b7f79,2,湖南,常德
@ccaacec8ce99d52932b809f8f1040af3e644ad31ee30ad1cc00f0f26cbe4f1f1,0,,
@7592a9cc92e06741a8ed03c5fad7d136,1,广东,深圳
@64337cf91a5acead3e76a8512757f8b0,1,湖南,长沙
@4f2e324d486d5e69fe9b0360dc184876,2,Victoria,Melbourne
@ffaf57944b3d9f7f537e5f95634321d4,1,湖南,常德
@507ab387d7306233c9fce4ab970df20c,2,湖南,长沙
@239f8bd65e137500f7068442b3e4ee2c69ae07567221a78503494b0e22cd4283,2,湖南,常德
@179bdb4d3f1ffed7e392a9a464d1cbc089b8451bec77fcc9ba4425dfce3b4091,2,湖南,常德
@48825a3a33bf1ba117f32456fad2fb464c4aa76ec6ca1e99cedac153333ee9e3,2,广东,珠海
@6fe421eb642154a849efaeb54744a8d98c59ae6572540120bc3c8fbb2d06135a,2,湖南,常德
@bbf6248111daeb97643011a3e53f0aecc48a0a69000661cb489a912b6e02cb57,1,湖南,长沙
@dfcb02f3bf407060bc71bcb5f83cefa8,2,湖南,常德
@dee8ef97c47b93640e39f997caf880a9cb7ce1884668538a408422c628f8b981,2,湖南,常德
@59b8e3e2a95f94cb3a63e714b1ddf761e221e45b7bcb7ad58c266487b86244e5,2,湖南,常德
@a0b7acad72a411a8ee76d3f5d9116b9a63a93fff5be53059273442e3948f3d9c,1,湖南,长沙
@391919c83dbb1dab3e541e3578cd21be,2,,
@b1b29e7f0d30bda19afeaef42dae773874bbfb241c0f4486265e0e40e3022fc1,1,,
@0b47fd69846db62d74d0cbbc4abfd56b716e2c61545b058855684acc3885f33e,2,Aargau,
@74b6cd287338cb1d8ba4de3301ea399d,1,湖南,常德
@1834fd56bf3db865023a4513c0c63df8,1,湖南,常德
@fc0d8fb80517c52408b3b21c2cce4d5f,1,湖南,常德
@8dc66d7e7063783995bc92553906b65f,2,湖南,常德
@583cf3ff3896c376b62192885e54f605,1,西藏,拉萨
@80fa6159e35d77783b4020274868937c8e23818d4de6dad91415c28b0fbdc90b,1,湖南,常德
@b9db5c5fb4337f1db3330c1042d8c3b6a258781dafbc967d36a760a961afa90e,1,,
@b4b18c834a77b5dec6b0b1b307fe93b1,1,New York,Albany City
@2ecb5dec229990ed56fab6d31a03392b,1,,
@be4f98588bc41aa0f94962966d85b77e,2,湖南,常德
@f6d6ebe102e90582ccf31eab015875c5,2,湖南,常德
@ff366b438822ef311f586867137fbedd376e9c62bcc6f072e62508590d622a07,2,福建,厦门
@106fe26d22a74149b87fa7f27aa57f64775bbf96b1beafc9d3b5c2a62273eb0f,1,湖南,常德
@7184907bdcb539fb3cceab4240c96c222d566ed3795bf128b3e4f8ab8938687c,1,内蒙古,呼伦贝尔
@7a8601bc36d5334a7f9462955d8005084125237cf759e4738fce8371146349be,2,,
@2b9cf510d9c13464feb5e2ae6e1e58dd325a6ea2600851fc8b7d072521565bed,2,,
@64782d26b9a95ea12e739fc7256e6b89eb9f95c8324705dad9c186f633b89d94,1,湖南,常德
@e2a4f76d32128f3ae2c91e84c5d6b9a80f72ff29b0a35a22d53aaea59c15264c,1,广东,深圳
@5b30d6a606061d2b3ba160948d7a1978,2,广东,深圳
@fe889dd6a5f2bc9139bf12f3f547485c9cfea3033d629cda3032959607f63eb9,1,广东,惠州
@8b706a7282c9aaaa2076954407a9d23fada15bc9b8d394f9291dd1f62ccb8403,2,,
@65a287229539ab1dee56d471c3d766ef,2,湖南,常德
@e4fca7e2fdb06bbfb72c39a75539deef715ed50d392e87d621cb3d7e7e280199,2,Pulau Pinang,Butterworth
@6013aed3ff184c73d55b5af85a7f5258516c703f77e6558f4aa6e02fb5396f62,0,,
@74a2bd8f30e453ab0037e13ec690359c522cbafb43881eb08de1c81d8d542529,2,湖南,常德
