@1de0784fd907741dad9c4fef145e158f,男,湖南,长沙
@3ca314de61e5c15ed0289ccf58bcb6c6,女,广东,广州
@b3f8905db448bc995b1229321a29b3fb,男,湖南,常德
@f0b9fdf1fbce53e06c54d088a7c8d75609b53e0801c37f13ad7a08be0ba5c82c,男,湖南,常德
@45c3b05a05e7a855718e771b7faec9c00668ec6d891995086bc531991646dc62,女,湖南,常德
@d7e2450b1f6125c0c1cb23eafdeed4a9170dfa0e742af4001a97d0913f878057,男,湖南,常德
@f0648925684c14103b62ea60d12eae99,女,湖南,常德
@8cb50e56e9a93843fce09f8c4581b3f32320395a6364f442260e7cdf275201bb,男,,
@2a92a7b60f60f43f878bc830c3a7850372937a8a983b3315db4f4a104a2439d5,女,Paris,
@85bd6d43af267cba957ed972079b76e8,女,湖南,常德
@563375950a4ad6c6731745910498546cdcca7accb992b75b890d93d4992dfe2d,女,广东,深圳
@17cf54da3433e83aeb3f49ae66562e65dbf72523cafb53128308e6c1e61acfcc,男,湖南,常德
@710629adf5d257fe8ab314b24195304e791fa3cdaa29c906317614efa2a8366e,男,湖南,常德
@5f3d575466948bda351865b2f11abbf7122b98a9edb57fed59b384ecb4a15fd5,女,湖南,常德
@98f8c1b4c328eddf418932e76ff84188f962f8181661918a4c372ba06deab9b0,男,广东,深圳
@504d1b0ca29cc430a317f748b46b7e058ce960e25485879e166603ab9b71d453,女,湖南,常德
@6b58a7dac7e82224f0e94fc9149d4eb3,女,湖南,常德
@43273753af498d91425fecdf930402b50e7115fafd684fce878699d317822f6c,男,湖南,常德
@4d6706b552bb0a98d6052a74ad52371329021fae63af246c0e6f2b5946bd3fc3,女,湖南,常德
@043df88d5566ab1d4f44c2c302fae3c3,女,广东,东莞
@97b075c16c4c7c7b71092768749bcf881e5e31daadcac827637fd0ee242c786f,女,湖南,常德
@91407a72a94bfafcafcd4d0f2eee26e586ea2088d6e8517d87572537964d6168,女,湖南,常德
@51ee2f7bfb5360da38cd77967e267553d48ec87e7d21950db79fcdef09944951,女,湖南,常德
@95026c755c176a9258dd96c5b10a1ae7,男,湖南,常德
@cf58906ddc03007ce07546660e476be2cc15489ff2548242bda8b35bcc4d318a,男,湖南,常德
@542c1af1e064b2b6cdcff47f633518d8,女,,
@085e370951c4969d7d310748afd1f168,女,湖南,常德
@83bef1a7bc91b8555d9a690cac4988f4a3905ad7e1469276ca9a56757f0fc8c1,女,湖南,常德
@e39c1cc5d35dcccf3869cbc4b8d27e79a038205ed5b31eedaecdcca8a5429c07,男,湖南,常德
@21a4c68f9082428274b1dd9ab1f44b9d044dd92f33e1dd9d2a9176380deaac58,其他,,
@0f3b079eb257671dfa9343e96855e8502a1ae29019d39ddaf23a72bfbe653e3f,女,广东,广州
@88266ae9ab6806651ab38380edec303a7687527baedaafeead07a367e6bc1b96,男,湖南,常德
@d435e47f956f85a48c689234bdd0a08d3d9ccc33bfdc29535b88f3484aa09f09,男,广东,广州
@5bac8ce48cf8cfa67314fddbdf90051367a105959d35bab94a287195b4f44f88,其他,湖南,常德
@930ec37eb27e0a02853a1a04264e9703,男,湖南,常德
@1a2b8a2e3d9475dd5f58a324a8fe12d4c41ed1709fe991ec9309b88970f6a69a,男,湖南,常德
@713ccad91bf3a215175079eabbf448f2b232db3614db7389fbb16b6cbccde668,女,陕西,西安
@df2c05a796444ff447a4833fa4103370696fd7fb0635a84fa96242c4c8102fef,其他,,
@de8c74cdc3fbb8c467a14d6273d7a7099c8d4e535803da63191cc83e3a96caf9,女,湖南,常德
@22b7ec1e6d815480a9eea7ea42d54942bf08a80208de6ec207131ba4f27d10b6,男,湖南,常德
@37421c93ce9cb63b5beb35246ad7ae2eb6ad25af4d8e517ba7f3af699503799b,男,湖南,常德
@7a623c5ffb59d714396662ac560f4542ebb83a47f136cd31882da690ff22df5e,男,湖南,常德
@7a3b66fc2466ff030d56c4a9da5d7b9e068b5e0b5bfe4a873bbab3ecc4ed2481,男,湖南,常德
@01102d30f18dcab5e4055708e5a691f6e96bbf280c141c62e574706f14ac26a0,女,湖南,常德
@a61528febd4fb7f560b5a1c323628a64234c1f33ffea90859212fd48974f516a,女,广东,广州
@8b403f6a6499fd12d7681a8242254d87115c4a95714f42bee8f5e572cbaf8dd8,女,湖南,常德
@df95ac207cdc4ead2f4833b8444cedcf1acf6a6a5e3618dabe147cd715f36000,其他,,
@462a1fe51420b9f158e752b42b07ac66,男,广东,深圳
@dcac0e3719f2f263fff10819c894b77c,男,湖南,长沙
@d88bb5668ce919974bd924eee8843856,女,Victoria,Melbourne
@37d0d6a62f0413f0b9cb9c469d27f272,男,湖南,常德
@8161b693e11a82994fc3066201356605,女,湖南,长沙
@3331d18b06154aa14997125114ce4e7114aa7f8833cc8a233e83c75358175d73,女,湖南,常德
@c32f46c70946668d47a3519e96c0a7af972e65a005738eb1e9e058a41f892655,女,湖南,常德
@71a29d403849c6af465ef00e03788adfc09189ef2c1393a01a2714b224bcc03e,女,广东,珠海
@49a1e6d691086ca5a6ff42ef32efb784a55a5c74221cb98d6d0ba6c83c2c4ccd,女,湖南,常德
@50e312ac71efad8891b1d9b1d4af430632b81554a4a5d70d991be35f9070789d,男,湖南,长沙
@1e90c2c681a01a2e305fcfc59b010c1f,女,湖南,常德
@aae05e044bb6eadc3f46ec58551ee2e1e5a406e8babf88fe03c13e0d35fdb3e2,女,湖南,常德
@90e3124eda220d5f32de98695fcf80ed15482054408bf6ebe51e85521805411a,女,湖南,常德
@0edd0aaa6415602cdc72bb7c337b2381a6f331fdcb0f13736b2a973bebee5631,男,湖南,长沙
@e91621ad2ad8d6f79740b3ac998a7a45,女,,
@88f2a26f9cf67f204772a864aaeffc2aab35544a2746b9bb0c56ab6d20740629,男,,
@14a8c764c7dcc31fcfdd49c14b01224357dadbed877b7195b4470c7987e3fd91,女,Aargau,
@684593415cc2dd6c8da49cb13ef61c3f,男,湖南,常德
@db753e5824813b6178f2dd5608918e45,男,湖南,常德
@ffd76bfe2e90206bc67189ce7994c8f7,男,湖南,常德
@68e15d6d453c25be1cb47d5b120e9350,女,湖南,常德
@24c2b9049c3c4b1f68f017cd595eef0b,男,西藏,拉萨
@8c438af9163ecafcc1d01f59cdd6b64d628ddecdcbd37dc165efd7e313d96b60,男,湖南,常德
@00b199431821af89c06b76164fa5d8046820f64a14fba68b3412eb0e9aca8a51,男,,
@ced0caed34b8b5a59f5b3a9e57cdbd73,男,New York,Albany City
@3717615b853324e95b3cb2ec09fc0baf,男,,
@764acf361254f5ea70423e057821b405,女,湖南,常德
@33d6534713a53adab01b4b67ded74316,女,湖南,常德
@c520bf18ce15818de17e5d28b537584f4f578ac52359d57dc4475a8e9de87808,女,福建,厦门
@f0beabea95c76ded1fd1aaae49b08eb89bc2c1e82da1e67db051d3492e79e9af,男,湖南,常德
@28d78e73ba68eb4ac73a6fa54b56dc88f721aaf0699ae52bd66e1e73c44a2303,男,内蒙古,呼伦贝尔
@2103720dd341186f01179ec747078992f7ade3b161af9394a8385c3b21394b78,女,,
@d9565bcddc7d3ac9494645d3c9b4551081431a117c16fec998b049527fd04b99,女,,
@65814ad194b4b2d197492a6c093812892cb701236e2cf1faa937b6987b435364,男,湖南,常德
@9850fb0a7d929776b100e25a2fd9b242b2fdfe102eb2c208f1e0717430e23a15,男,广东,深圳
@b8c5db0b4133ce36c774b39974184420,女,广东,深圳
@4bb7a898c5fff0a3c4236366fe3936f5ed28d38b6f91c2f453036d7b4192f2db,男,广东,惠州
@d06cd165085e8acb2a0786b157babbb9b171395a0038f5ebf669803556994b95,女,,
@8ac4df24d9cda51ad81ab7e821b1c4c2,女,湖南,常德
@609949a03dbc4850a07343d36d65b2e7d0841541debc0ea2583d1386db93acb2,女,Pulau Pinang,Butterworth
@6908e2c7495afb9dac9ec876d93bf20f42fd5579902c5a00430033eceeedaa26,其他,,
@4505a6bd164fa70c7b50e38a994edbf1fa1500818598ff437ea4760d4a8efeb4,女,湖南,常德
